farm,yield
farm1,153.54512611906196
farm2,205.69986486729508
farm3,178.7547856394881
farm4,170.16916102848066
farm5,224.77226488944763
farm6,184.08062795669636
farm7,169.86146989332937
farm8,201.27210992038127
farm9,181.6356428667994
